order_id,order_datetime,retailer_id,customer_id,order_value,order_status,delivery_time_minutes
1,"2024-05-17 02:16:59",44,209,32.08,completed,24
2,"2024-04-18 09:48:50",42,287,56.49,completed,32
3,"2024-06-30 12:09:50",16,75,31.61,completed,23
4,"2024-09-13 20:39:02",49,757,53.21,completed,21
5,"2024-10-14 01:12:23",24,975,33.64,completed,42
6,"2024-09-23 20:22:50",40,775,34.75,completed,54
7,"2024-08-19 08:31:48",26,616,38.47,completed,35
8,"2024-06-12 17:07:45",43,866,50.04,completed,58
9,"2024-12-17 16:55:57",45,527,59.08,completed,39
10,"2024-08-03 13:44:47",17,846,22.86,completed,138
11,"2024-05-02 10:56:20",36,524,34.96,completed,55
12,"2024-02-05 14:34:12",39,610,45.43,completed,18
13,"2024-01-14 14:57:10",49,707,42.18,completed,37
14,"2024-10-29 04:29:14",32,683,35.81,completed,58
15,"2024-07-03 15:15:26",31,575,11.05,completed,16
16,"2024-09-10 07:45:48",18,647,19.87,completed,18
17,"2024-06-11 05:53:56",50,640,20.87,completed,33
18,"2024-07-09 20:29:45",19,270,22.38,completed,47
19,"2024-05-14 16:50:56",36,397,54.04,completed,38
20,"2024-04-29 09:36:12",3,289,24.09,completed,148
21,"2024-01-26 15:45:35",7,453,53.26,cancelled,30
22,"2024-12-21 00:45:33",42,210,38.65,completed,42
23,"2024-08-13 15:14:08",15,572,10.26,completed,48
24,"2024-02-17 09:47:04",21,631,57.10,completed,54
25,"2024-08-04 12:50:02",17,853,24.25,completed,51
26,"2024-08-01 20:41:06",26,782,29.18,completed,54
27,"2024-04-05 00:07:35",33,434,22.03,completed,25
28,"2024-10-27 23:27:23",21,551,36.92,completed,52
29,"2024-05-23 03:53:45",23,113,19.46,completed,40
30,"2024-05-23 02:20:46",13,125,52.12,completed,52
31,"2024-02-26 02:42:03",14,872,37.96,completed,42
32,"2024-04-30 23:33:04",43,214,37.28,completed,47
33,"2024-03-30 08:50:41",2,457,18.39,completed,161
34,"2024-09-01 15:14:00",41,53,51.36,cancelled,19
35,"2024-04-10 05:27:28",4,545,35.08,completed,149
36,"2024-02-06 10:07:09",14,9,23.04,completed,23
37,"2024-02-28 11:40:09",11,577,22.52,completed,147
38,"2024-01-31 03:36:52",11,815,31.79,completed,44
39,"2024-02-20 21:27:29",38,288,20.85,completed,42
40,"2024-09-13 21:19:09",34,256,22.86,completed,41
41,"2024-06-21 17:14:18",30,496,46.53,completed,46
42,"2024-08-03 11:03:07",43,436,42.84,cancelled,134
43,"2024-05-22 03:22:33",4,188,46.28,completed,40
44,"2024-05-11 18:30:11",6,473,11.54,completed,48
45,"2024-12-08 09:35:03",24,495,14.35,cancelled,44
46,"2024-10-21 03:23:29",2,753,43.01,completed,18
47,"2024-09-01 03:47:07",6,509,21.81,completed,54
48,"2024-08-20 11:47:44",29,987,19.86,completed,42
49,"2024-05-25 03:02:38",10,720,12.53,completed,30
50,"2024-09-14 05:44:28",26,456,46.92,completed,17
51,"2024-02-07 11:24:38",16,264,28.87,completed,35
52,"2024-03-18 21:15:15",36,906,30.20,completed,41
53,"2024-01-01 11:38:04",14,339,54.38,completed,15
54,"2024-08-26 22:20:44",13,327,52.92,completed,63
55,"2024-03-01 17:38:23",37,196,48.09,completed,36
56,"2024-11-30 19:17:05",7,940,24.17,completed,56
57,"2024-03-17 03:29:22",13,640,32.09,completed,47
58,"2024-04-17 18:55:46",15,519,47.53,completed,19
59,"2024-04-19 09:45:23",10,21,37.57,completed,16
60,"2024-09-21 01:32:31",25,299,10.72,completed,43
61,"2024-09-12 07:13:01",29,775,17.62,completed,29
62,"2024-06-09 05:47:10",11,783,22.82,completed,141
63,"2024-09-15 07:07:23",25,370,27.58,completed,17
64,"2024-08-27 17:21:32",7,652,54.30,completed,22
65,"2024-09-04 08:33:29",45,393,25.52,completed,127
66,"2024-12-30 22:01:49",16,551,51.15,completed,165
67,"2024-10-25 02:53:16",23,817,46.20,completed,54
68,"2024-05-27 22:09:09",18,563,47.41,completed,57
69,"2024-08-25 04:32:03",21,148,34.16,cancelled,20
70,"2024-06-03 01:27:26",36,323,32.94,completed,30
71,"2024-11-19 18:42:05",22,462,11.68,completed,48
72,"2024-04-24 00:25:13",15,523,46.83,completed,38
73,"2024-06-30 03:55:20",46,38,33.74,completed,133
74,"2024-05-29 04:29:17",11,847,39.63,completed,32
75,"2024-12-25 15:02:52",37,711,27.69,completed,47
76,"2024-03-22 05:55:30",48,73,36.03,completed,44
77,"2024-03-10 17:11:37",50,356,51.06,completed,40
78,"2024-08-10 08:50:43",18,927,39.15,completed,86
79,"2024-05-01 19:49:29",50,997,59.30,completed,55
80,"2024-04-07 17:55:33",32,373,57.85,completed,31
81,"2024-05-18 22:54:43",41,956,26.11,completed,38
82,"2024-05-02 20:43:02",7,636,49.58,completed,91
83,"2024-08-27 10:02:10",25,498,10.51,completed,20
84,"2024-05-04 12:18:47",17,629,17.60,completed,177
85,"2024-02-14 02:31:23",34,995,58.03,completed,42
86,"2024-06-07 13:03:15",17,304,37.70,completed,42
87,"2024-03-07 23:58:15",3,706,28.87,completed,26
88,"2024-02-29 10:13:43",2,654,19.23,cancelled,32
89,"2024-03-09 18:48:03",39,267,11.78,completed,50
90,"2024-07-21 19:58:13",22,496,18.99,completed,33
91,"2024-06-08 04:18:34",49,507,42.28,completed,55
92,"2024-09-04 02:39:53",35,405,58.25,completed,57
93,"2024-03-25 00:05:21",17,976,53.96,completed,21
94,"2024-08-05 16:19:54",28,916,57.79,completed,32
95,"2024-01-08 13:20:45",48,714,45.12,completed,44
96,"2024-01-10 09:26:00",8,676,56.47,completed,45
97,"2024-06-19 07:53:27",15,88,37.35,completed,23
98,"2024-10-10 02:03:08",16,231,20.90,completed,38
99,"2024-08-11 23:05:39",24,527,20.65,completed,37
100,"2024-02-04 10:19:23",50,665,27.89,completed,71
101,"2024-10-14 02:57:47",33,874,31.51,completed,24
102,"2024-12-16 15:53:51",9,1000,33.61,completed,53
103,"2024-02-10 16:31:00",50,615,15.25,completed,33
104,"2024-10-12 10:45:27",34,25,15.02,completed,57
105,"2024-02-21 23:36:43",46,89,46.77,completed,62
106,"2024-07-15 08:24:48",32,551,52.81,completed,59
107,"2024-03-22 08:18:27",8,42,49.08,completed,38
108,"2024-12-07 00:47:54",4,540,34.77,completed,34
109,"2024-09-29 11:09:05",23,964,34.93,completed,49
110,"2024-04-05 09:49:10",2,332,39.51,cancelled,23
111,"2024-11-25 16:26:05",48,43,28.18,completed,47
112,"2024-07-10 04:42:37",23,717,20.64,completed,167
113,"2024-09-18 09:12:30",44,238,37.99,completed,36
114,"2024-02-08 04:29:35",6,273,10.51,completed,15
115,"2024-08-16 15:15:12",5,598,45.12,completed,28
116,"2024-01-27 08:49:58",22,906,22.81,completed,40
117,"2024-09-03 08:40:46",34,344,44.81,completed,37
118,"2024-12-11 18:36:03",13,461,36.16,completed,28
119,"2024-09-24 09:29:13",37,483,20.28,completed,46
120,"2024-08-14 12:00:22",1,182,54.23,completed,16
121,"2024-12-19 23:48:45",38,812,51.28,completed,166
122,"2024-06-12 17:07:41",30,563,13.48,completed,36
123,"2024-02-24 00:20:48",14,955,56.67,completed,46
124,"2024-11-06 18:36:13",7,147,25.60,completed,59
125,"2024-12-14 22:22:37",40,101,16.19,completed,20
126,"2024-12-22 03:22:59",26,585,30.80,completed,57
127,"2024-08-10 00:11:26",9,58,47.96,completed,30
128,"2024-02-29 12:56:23",40,506,16.59,completed,22
129,"2024-11-09 08:49:24",41,433,47.89,completed,36
130,"2024-10-16 08:12:52",28,334,12.02,completed,163
131,"2024-08-11 17:10:30",25,587,34.01,completed,54
132,"2024-02-26 16:07:37",6,76,12.78,completed,27
133,"2024-02-19 15:58:09",42,794,32.37,completed,76
134,"2024-11-15 21:45:36",48,156,55.41,completed,15
135,"2024-02-16 06:56:17",30,567,13.23,completed,152
136,"2024-01-21 14:02:22",49,700,38.99,completed,54
137,"2024-08-19 14:54:41",27,742,16.15,completed,47
138,"2024-11-24 13:41:07",16,873,31.12,completed,38
139,"2024-12-28 06:45:08",21,44,10.43,completed,55
140,"2024-12-17 23:08:31",5,549,33.89,completed,24
141,"2024-03-03 15:45:09",12,654,38.30,completed,45
142,"2024-05-18 23:58:24",45,310,53.90,completed,59
143,"2024-11-24 05:06:45",27,5,30.11,cancelled,56
144,"2024-03-30 01:44:53",24,580,35.54,completed,28
145,"2024-11-11 03:24:14",21,433,57.53,completed,49
146,"2024-07-22 13:33:41",25,737,21.85,cancelled,56
147,"2024-02-21 20:47:39",46,132,56.19,completed,18
148,"2024-05-19 02:57:00",32,54,27.63,completed,172
149,"2024-10-29 12:38:52",17,205,10.38,completed,26
150,"2024-12-21 16:56:18",5,532,29.26,completed,38
151,"2024-02-07 09:09:26",48,397,18.09,completed,24
152,"2024-03-13 21:18:27",19,256,18.39,completed,65
153,"2024-09-08 09:43:37",15,398,15.47,completed,22
154,"2024-07-07 23:40:10",4,794,48.10,completed,179
155,"2024-06-02 17:52:02",6,276,12.75,completed,17
156,"2024-01-18 22:24:32",4,185,46.32,completed,51
157,"2024-06-12 15:19:30",40,613,44.57,completed,25
158,"2024-02-12 09:36:48",44,30,36.15,completed,48
159,"2024-06-26 16:11:20",12,667,42.81,completed,31
160,"2024-07-10 09:41:12",26,954,22.69,completed,22
161,"2024-01-15 09:34:08",34,211,12.86,completed,38
162,"2024-05-10 02:14:08",10,869,49.18,completed,18
163,"2024-10-28 09:42:43",44,836,39.62,completed,20
164,"2024-02-13 16:40:55",12,781,21.04,completed,35
165,"2024-11-11 05:51:24",47,43,31.66,completed,102
166,"2024-02-05 02:35:55",21,761,38.77,completed,35
167,"2024-07-29 21:33:20",25,708,13.84,completed,40
168,"2024-08-13 08:25:08",20,94,25.19,completed,44
169,"2024-06-30 23:07:15",25,977,29.97,completed,38
170,"2024-03-01 18:31:28",14,839,29.56,completed,51
171,"2024-01-05 13:18:05",31,968,11.89,completed,47
172,"2024-08-16 07:07:04",50,42,22.83,completed,44
173,"2024-03-27 02:10:21",10,207,34.23,completed,34
174,"2024-06-09 05:26:10",46,208,26.21,cancelled,19
175,"2024-06-26 19:39:45",6,48,56.69,completed,40
176,"2024-05-13 00:04:10",6,438,53.52,completed,51
177,"2024-04-26 04:40:09",8,750,26.26,completed,112
178,"2024-06-12 01:56:21",46,244,33.34,completed,28
179,"2024-08-19 20:30:11",14,446,30.97,completed,34
180,"2024-07-11 00:39:12",17,100,34.62,completed,24
181,"2024-01-21 21:35:07",32,998,14.29,completed,101
182,"2024-12-03 10:45:05",30,167,13.43,completed,39
183,"2024-09-19 22:46:42",47,511,47.58,completed,144
184,"2024-11-25 11:02:26",20,238,11.18,completed,124
185,"2024-11-05 07:50:00",31,531,50.51,completed,174
186,"2024-03-02 02:17:25",49,368,55.81,completed,51
187,"2024-02-01 19:33:42",1,797,57.57,completed,154
188,"2024-01-08 21:08:13",37,590,47.91,completed,19
189,"2024-12-22 03:59:26",30,40,30.93,cancelled,22
190,"2024-01-04 03:37:31",26,569,24.40,completed,52
191,"2024-09-19 01:48:54",6,374,37.63,completed,53
192,"2024-08-04 13:24:03",21,251,11.77,completed,52
193,"2024-02-10 00:17:51",2,864,20.12,completed,26
194,"2024-09-30 10:08:54",50,683,32.88,completed,33
195,"2024-08-04 21:13:55",37,830,59.14,completed,42
196,"2024-07-12 03:02:18",41,438,48.71,completed,45
197,"2024-12-29 02:12:42",47,638,30.90,completed,42
198,"2024-03-02 14:12:32",1,538,43.17,completed,39
199,"2024-02-01 06:29:00",42,848,48.86,completed,54
200,"2024-04-12 08:55:14",38,866,15.35,completed,15
201,"2024-12-10 05:15:14",35,631,13.88,completed,49
202,"2024-01-29 18:03:09",5,218,50.75,completed,19
203,"2024-06-23 19:46:47",5,14,49.97,cancelled,16
204,"2024-01-26 14:02:07",11,874,46.01,cancelled,48
205,"2024-07-04 17:15:44",16,24,19.52,completed,38
206,"2024-02-03 13:19:27",46,244,35.27,completed,59
207,"2024-06-23 04:51:26",23,776,37.72,completed,37
208,"2024-10-10 22:25:37",20,663,15.84,completed,31
209,"2024-11-28 20:52:06",24,645,49.70,completed,56
210,"2024-03-01 12:43:28",4,882,19.03,completed,15
211,"2024-09-26 03:57:07",35,191,55.65,cancelled,22
212,"2024-02-09 19:13:14",4,6,51.48,completed,34
213,"2024-09-19 09:56:28",13,135,54.94,completed,38
214,"2024-04-28 14:59:49",4,331,33.46,completed,50
215,"2024-11-06 05:40:26",44,782,25.56,completed,58
216,"2024-07-09 16:10:20",34,808,10.78,completed,22
217,"2024-03-01 09:31:19",16,88,34.41,completed,42
218,"2024-10-04 16:39:28",49,576,58.30,completed,49
219,"2024-12-23 05:41:28",30,50,32.94,completed,28
220,"2024-06-14 20:09:56",19,498,28.65,completed,42
221,"2024-10-14 21:50:11",7,270,58.30,completed,15
222,"2024-05-28 19:16:09",1,786,56.29,completed,18
223,"2024-08-25 02:09:39",1,124,38.71,completed,33
224,"2024-10-01 11:30:46",25,204,37.25,completed,98
225,"2024-10-22 08:58:38",4,968,40.15,completed,33
226,"2024-11-05 10:52:02",49,330,46.28,completed,23
227,"2024-11-09 21:09:52",38,138,32.85,completed,103
228,"2024-10-30 19:12:28",4,824,56.30,completed,43
229,"2024-02-11 06:49:26",33,921,42.32,completed,45
230,"2024-03-01 08:27:07",39,344,30.70,completed,141
231,"2024-07-13 23:08:18",31,483,38.09,completed,39
232,"2024-05-12 12:15:24",9,735,19.07,completed,148
233,"2024-10-07 23:50:48",32,894,37.30,completed,56
234,"2024-09-19 20:24:04",44,156,19.41,completed,43
235,"2024-10-02 13:52:10",43,11,34.39,completed,45
236,"2024-08-12 07:14:05",3,446,12.88,completed,16
237,"2024-06-14 02:28:01",8,382,33.19,completed,56
238,"2024-02-22 10:27:14",48,299,42.82,completed,139
239,"2024-05-31 19:43:36",5,207,48.05,completed,45
240,"2024-05-29 14:45:55",2,965,45.42,completed,43
241,"2024-10-29 04:20:54",12,669,42.75,completed,18
242,"2024-03-27 21:00:34",49,127,46.49,completed,59
243,"2024-06-14 07:27:03",16,158,53.87,completed,178
244,"2024-02-08 14:33:14",28,466,42.91,completed,52
245,"2024-08-20 03:32:47",35,539,41.41,completed,19
246,"2024-04-20 16:48:27",11,135,12.42,completed,46
247,"2024-05-17 23:48:11",40,782,37.91,completed,36
248,"2024-09-09 13:49:06",2,55,19.85,completed,19
249,"2024-12-27 06:21:03",32,164,57.06,completed,41
250,"2024-03-31 09:49:05",22,455,57.70,completed,44
251,"2024-10-14 13:29:26",48,354,56.96,completed,54
252,"2024-05-11 15:51:26",7,610,41.66,completed,57
253,"2024-05-10 15:01:44",48,651,30.96,completed,55
254,"2024-02-04 15:25:12",39,586,40.43,completed,21
255,"2024-12-03 00:26:16",9,127,14.80,completed,49
256,"2024-03-24 02:04:02",41,370,30.99,cancelled,35
257,"2024-03-31 22:39:29",43,547,17.86,completed,54
258,"2024-08-04 21:23:00",17,901,34.69,completed,37
259,"2024-05-16 09:18:25",20,853,14.10,completed,37
260,"2024-06-05 06:41:18",34,40,20.28,completed,169
261,"2024-10-14 12:08:30",10,595,29.90,completed,42
262,"2024-06-24 06:48:13",30,499,46.57,completed,40
263,"2024-01-14 02:46:46",23,163,32.52,completed,18
264,"2024-12-21 08:07:36",32,205,17.46,completed,45
265,"2024-09-21 17:08:49",31,836,28.70,completed,31
266,"2024-10-07 18:11:21",37,376,43.50,completed,53
267,"2024-12-12 13:34:08",10,87,53.56,completed,69
268,"2024-10-05 02:08:13",29,595,22.40,completed,28
269,"2024-11-11 21:27:15",23,644,53.86,completed,52
270,"2024-04-11 01:31:22",44,479,50.33,completed,18
271,"2024-09-02 11:51:20",6,584,37.98,completed,43
272,"2024-06-24 13:09:16",26,140,17.50,completed,16
273,"2024-07-22 18:43:46",35,740,42.58,completed,18
274,"2024-08-31 03:23:19",5,494,18.77,completed,18
275,"2024-01-06 11:40:44",43,198,32.25,completed,25
276,"2024-08-28 15:19:52",31,90,40.36,completed,51
277,"2024-12-12 01:34:19",17,802,11.13,completed,25
278,"2024-10-01 09:11:48",3,25,57.74,completed,20
279,"2024-08-19 00:50:39",42,219,41.12,completed,47
280,"2024-05-07 13:14:25",30,857,37.12,completed,59
281,"2024-08-30 16:43:19",19,885,24.73,completed,43
282,"2024-07-06 06:49:21",33,760,51.05,completed,53
283,"2024-04-12 07:50:01",42,309,12.64,completed,45
284,"2024-10-01 20:25:20",38,446,10.38,completed,28
285,"2024-01-20 20:41:30",19,696,28.26,completed,49
286,"2024-01-26 06:25:32",2,920,36.07,completed,54
287,"2024-04-15 02:38:08",42,306,11.46,completed,41
288,"2024-09-28 02:20:43",49,619,19.42,completed,64
289,"2024-08-09 05:09:08",46,777,16.45,completed,59
290,"2024-05-19 02:38:03",47,547,55.94,cancelled,25
291,"2024-02-23 14:47:42",1,577,53.75,completed,17
292,"2024-07-01 11:34:51",16,95,35.77,completed,150
293,"2024-12-30 12:53:01",36,605,53.19,completed,79
294,"2024-01-07 17:18:11",30,905,47.47,completed,116
295,"2024-08-14 21:47:51",35,569,49.31,completed,21
296,"2024-05-23 10:24:44",28,596,25.81,completed,47
297,"2024-07-04 20:38:18",21,490,21.99,completed,114
298,"2024-06-27 17:28:30",4,928,30.06,completed,168
299,"2024-10-05 19:49:02",6,268,10.09,completed,39
300,"2024-08-13 19:58:13",23,438,50.75,completed,38
301,"2024-06-30 17:22:19",47,207,20.65,completed,43
302,"2024-05-12 10:54:49",47,535,55.02,completed,26
303,"2024-11-30 13:33:23",41,285,10.07,completed,32
304,"2024-08-15 22:08:42",48,915,45.02,completed,24
305,"2024-11-30 07:52:13",49,125,45.00,completed,28
306,"2024-11-16 04:54:44",25,831,43.79,completed,33
307,"2024-10-13 17:03:12",36,181,49.16,completed,35
308,"2024-10-09 05:54:58",24,24,45.59,completed,19
309,"2024-07-06 19:51:03",15,956,54.05,completed,42
310,"2024-11-30 08:02:15",38,987,44.70,completed,51
311,"2024-08-22 16:18:47",40,989,39.78,completed,29
312,"2024-10-09 06:29:22",46,245,34.30,completed,16
313,"2024-01-22 12:53:18",11,900,52.56,completed,38
314,"2024-11-26 22:42:35",48,47,28.81,completed,44
315,"2024-07-07 15:01:20",32,638,23.75,completed,18
316,"2024-11-15 11:10:41",9,184,31.75,completed,23
317,"2024-07-09 12:42:09",2,589,52.65,completed,80
318,"2024-01-19 02:27:48",37,529,31.93,completed,49
319,"2024-09-05 02:30:44",5,444,56.49,completed,17
320,"2024-11-11 16:32:34",8,201,36.38,completed,54
321,"2024-08-16 23:10:09",24,514,16.51,completed,37
322,"2024-01-06 06:19:12",28,748,13.30,completed,56
323,"2024-11-22 03:34:13",36,835,13.30,completed,82
324,"2024-02-19 00:59:41",6,138,28.32,completed,144
325,"2024-07-21 14:02:04",33,599,11.81,completed,57
326,"2024-03-22 12:33:25",16,862,29.48,completed,21
327,"2024-10-28 06:38:52",33,826,17.30,completed,33
328,"2024-08-03 03:56:49",35,651,20.05,completed,23
329,"2024-12-11 22:05:01",8,948,23.13,completed,35
330,"2024-07-06 23:55:29",12,617,29.28,completed,58
331,"2024-02-04 23:21:49",30,641,32.44,completed,30
332,"2024-12-06 01:07:07",32,330,48.71,completed,51
333,"2024-10-15 20:47:32",26,187,29.83,completed,106
334,"2024-02-26 14:56:23",30,535,53.69,completed,48
335,"2024-01-25 12:09:03",6,397,41.31,completed,28
336,"2024-01-24 18:17:45",20,783,46.42,completed,39
337,"2024-11-04 03:10:39",30,466,36.41,completed,37
338,"2024-07-08 19:31:08",7,50,54.20,completed,46
339,"2024-05-24 11:54:59",44,181,24.14,completed,58
340,"2024-04-08 20:44:23",23,480,11.20,completed,43
341,"2024-02-14 23:12:47",37,322,29.71,completed,87
342,"2024-08-09 23:32:09",18,886,30.17,completed,54
343,"2024-08-09 19:48:04",21,207,50.86,completed,179
344,"2024-05-04 04:50:54",36,541,38.26,completed,17
345,"2024-04-07 18:26:56",9,63,49.67,completed,27
346,"2024-10-09 14:09:13",4,997,49.65,cancelled,39
347,"2024-04-15 13:57:19",39,15,47.20,completed,48
348,"2024-03-17 08:10:12",43,581,29.06,completed,54
349,"2024-05-01 12:35:19",3,264,18.03,completed,54
350,"2024-09-05 19:49:13",38,665,14.96,completed,39
351,"2024-02-18 15:58:00",1,610,12.12,completed,51
352,"2024-09-18 10:06:08",6,440,52.32,completed,32
353,"2024-11-26 10:45:40",17,937,44.71,completed,20
354,"2024-12-09 11:13:09",17,878,28.52,completed,89
355,"2024-04-11 16:10:11",33,460,26.15,completed,30
356,"2024-02-11 07:15:31",26,229,40.16,completed,25
357,"2024-08-13 21:55:18",20,142,35.43,completed,59
358,"2024-10-06 23:46:15",43,922,13.74,completed,28
359,"2024-01-10 20:43:18",12,60,40.71,completed,34
360,"2024-04-14 01:53:56",7,806,41.60,completed,54
361,"2024-12-08 06:59:45",3,400,53.59,completed,34
362,"2024-08-29 06:09:56",49,881,34.34,completed,20
363,"2024-02-16 02:09:56",13,879,42.01,completed,159
364,"2024-06-06 23:41:34",34,63,24.84,completed,18
365,"2024-08-22 03:22:21",48,813,21.08,completed,34
366,"2024-01-27 22:21:33",5,196,46.36,completed,24
367,"2024-11-06 21:22:38",31,505,44.44,completed,20
368,"2024-11-15 17:09:26",1,381,54.85,completed,21
369,"2024-07-29 01:35:53",24,611,42.66,completed,48
370,"2024-02-09 19:34:31",15,167,56.86,completed,17
371,"2024-12-04 07:28:52",23,475,11.14,completed,52
372,"2024-12-28 14:53:34",25,450,49.48,completed,31
373,"2024-12-20 01:55:05",37,694,25.42,completed,37
374,"2024-05-29 01:45:55",26,340,18.10,completed,58
375,"2024-06-02 15:24:08",11,775,22.63,completed,163
376,"2024-07-06 11:11:52",49,317,43.46,completed,142
377,"2024-07-07 11:02:46",26,12,36.23,completed,17
378,"2024-03-07 01:08:22",37,152,37.13,completed,39
379,"2024-09-28 20:04:11",4,152,36.42,completed,23
380,"2024-11-26 15:13:40",48,39,27.05,completed,161
381,"2024-06-16 02:05:56",38,379,42.20,completed,23
382,"2024-06-27 06:33:25",44,865,46.39,completed,17
383,"2024-03-18 19:52:15",44,673,48.84,completed,33
384,"2024-01-22 21:46:34",3,100,26.48,completed,49
385,"2024-08-01 02:50:21",30,185,18.11,completed,25
386,"2024-10-18 20:37:10",14,948,56.52,completed,54
387,"2024-07-26 07:19:17",12,434,34.32,completed,42
388,"2024-06-05 14:38:04",17,332,44.51,completed,44
389,"2024-08-19 15:29:35",12,220,31.31,completed,59
390,"2024-09-06 05:04:14",23,237,50.65,completed,43
391,"2024-02-23 04:58:37",42,692,59.05,completed,40
392,"2024-03-11 08:19:14",14,741,55.56,completed,146
393,"2024-10-06 18:39:58",34,36,18.98,completed,46
394,"2024-03-27 10:18:37",5,763,36.48,completed,59
395,"2024-05-04 03:23:55",36,501,29.50,completed,17
396,"2024-01-04 05:53:08",45,433,34.35,completed,48
397,"2024-01-02 08:44:34",40,977,34.57,completed,25
398,"2024-09-04 11:31:45",35,398,56.41,completed,58
399,"2024-06-15 03:43:53",19,460,20.28,completed,22
400,"2024-01-04 16:21:45",26,557,21.69,completed,35
401,"2024-12-02 19:49:16",12,399,24.65,completed,39
402,"2024-05-06 19:47:02",4,329,31.16,completed,37
403,"2024-05-18 03:18:37",20,770,45.23,completed,81
404,"2024-01-05 13:49:26",26,527,14.87,completed,36
405,"2024-09-10 01:29:23",1,992,55.75,completed,38
406,"2024-10-07 08:20:22",16,207,16.34,completed,34
407,"2024-01-25 04:45:27",2,987,51.16,completed,18
408,"2024-07-04 21:34:40",14,857,32.74,completed,44
409,"2024-11-06 17:16:29",14,763,11.21,completed,58
410,"2024-08-03 07:09:36",2,335,40.52,completed,56
411,"2024-05-19 22:59:55",7,538,23.85,completed,52
412,"2024-01-27 11:14:48",44,93,54.01,completed,118
413,"2024-07-13 15:44:12",10,374,24.28,completed,36
414,"2024-04-25 01:56:17",9,871,53.11,completed,119
415,"2024-09-17 22:22:59",5,289,19.11,completed,28
416,"2024-06-05 21:38:57",13,960,12.53,completed,35
417,"2024-03-04 17:46:08",24,845,50.22,completed,44
418,"2024-03-30 03:03:14",12,394,24.63,completed,52
419,"2024-08-05 08:44:25",23,453,56.04,completed,42
420,"2024-08-28 17:54:48",23,277,11.64,completed,52
421,"2024-06-21 16:12:48",43,872,49.17,completed,56
422,"2024-02-11 19:40:36",41,661,55.14,completed,77
423,"2024-11-23 20:29:08",3,513,31.96,completed,169
424,"2024-08-17 18:55:22",21,143,34.73,completed,41
425,"2024-09-12 23:17:25",38,605,49.86,completed,54
426,"2024-11-29 08:37:09",48,31,24.69,completed,164
427,"2024-05-06 20:39:44",7,591,38.76,completed,44
428,"2024-11-20 03:55:40",24,722,18.88,completed,26
429,"2024-01-17 21:23:34",23,83,14.15,completed,33
430,"2024-05-10 18:52:43",27,531,14.51,completed,40
431,"2024-10-06 21:59:08",6,280,12.58,completed,114
432,"2024-06-09 22:30:50",42,879,53.74,completed,19
433,"2024-05-10 22:16:34",23,215,45.02,completed,31
434,"2024-04-05 09:04:31",11,260,43.70,completed,166
435,"2024-08-21 00:58:21",27,728,12.73,completed,22
436,"2024-12-03 15:27:25",8,994,35.35,completed,42
437,"2024-04-13 23:52:58",30,101,46.45,completed,44
438,"2024-08-30 05:56:55",18,750,45.30,completed,41
439,"2024-01-29 11:48:30",32,894,39.53,completed,22
440,"2024-01-02 14:57:14",28,706,54.98,completed,54
441,"2024-10-06 01:39:20",10,681,51.08,completed,73
442,"2024-12-27 20:02:29",31,57,33.26,completed,36
443,"2024-03-06 11:06:21",25,902,12.35,completed,57
444,"2024-03-05 23:49:09",4,819,54.14,cancelled,53
445,"2024-10-17 06:01:02",22,794,43.13,completed,40
446,"2024-10-12 06:35:20",12,797,24.88,completed,47
447,"2024-10-27 20:41:53",47,196,18.99,completed,22
448,"2024-09-28 00:37:45",12,921,55.67,completed,17
449,"2024-05-07 18:28:39",31,996,17.59,completed,47
450,"2024-05-15 20:44:47",36,390,52.34,completed,47
451,"2024-04-08 17:00:12",9,68,50.50,completed,38
452,"2024-03-13 10:55:21",21,418,54.12,completed,26
453,"2024-11-10 03:42:38",26,9,34.54,completed,17
454,"2024-04-10 08:03:21",11,194,27.95,completed,99
455,"2024-08-25 01:50:51",14,381,15.33,completed,15
456,"2024-03-06 18:38:39",42,657,48.30,completed,34
457,"2024-03-13 08:00:54",33,705,37.25,completed,27
458,"2024-02-12 23:23:09",38,420,51.82,completed,49
459,"2024-06-28 22:39:52",9,393,32.10,completed,18
460,"2024-11-19 17:30:31",10,320,10.56,completed,58
461,"2024-07-03 09:15:05",31,505,45.67,completed,35
462,"2024-11-22 20:42:36",6,902,17.71,completed,82
463,"2024-04-19 00:45:53",47,755,59.15,completed,41
464,"2024-01-19 23:43:33",24,178,34.43,completed,46
465,"2024-04-08 13:55:57",12,325,57.25,completed,100
466,"2024-12-02 02:34:04",30,225,26.62,cancelled,150
467,"2024-12-14 21:43:54",26,644,45.65,completed,26
468,"2024-03-07 12:43:21",8,163,29.41,completed,22
469,"2024-06-30 02:56:10",50,469,28.51,completed,25
470,"2024-11-13 06:24:36",31,456,32.11,completed,172
471,"2024-01-02 05:49:07",11,3,30.39,completed,127
472,"2024-01-05 17:59:04",19,854,16.75,completed,36
473,"2024-11-27 18:56:00",5,775,38.58,completed,84
474,"2024-02-21 22:17:41",5,25,52.63,completed,32
475,"2024-10-07 12:57:57",34,62,24.45,completed,32
476,"2024-08-18 19:38:25",50,99,34.86,completed,47
477,"2024-03-27 10:49:43",1,357,47.29,completed,28
478,"2024-04-23 04:40:19",34,392,58.22,completed,51
479,"2024-12-15 18:26:27",20,47,13.97,completed,37
480,"2024-05-16 17:47:35",18,585,55.04,completed,58
481,"2024-09-14 20:42:02",32,22,21.12,completed,48
482,"2024-12-22 01:12:22",33,318,42.15,completed,20
483,"2024-06-29 01:09:01",4,907,25.18,completed,59
484,"2024-10-01 19:35:30",39,585,40.98,completed,92
485,"2024-10-09 20:10:05",3,961,41.66,completed,48
486,"2024-03-16 03:45:45",39,204,46.41,completed,145
487,"2024-09-08 18:11:08",16,447,26.34,completed,39
488,"2024-04-14 23:24:53",40,76,10.89,completed,45
489,"2024-08-15 22:13:54",5,582,41.86,completed,21
490,"2024-10-31 11:16:41",37,195,47.72,completed,53
491,"2024-03-25 07:42:08",29,205,24.30,completed,44
492,"2024-08-23 07:11:03",12,234,33.44,completed,20
493,"2024-02-26 19:30:48",22,658,10.83,completed,21
494,"2024-04-13 20:12:24",48,920,46.79,completed,24
495,"2024-11-18 07:02:38",39,205,45.62,completed,22
496,"2024-01-25 14:08:31",41,826,45.67,completed,27
497,"2024-06-05 17:46:54",17,372,53.17,completed,37
498,"2024-03-27 21:04:41",35,713,35.31,completed,19
499,"2024-02-11 11:21:00",14,36,27.61,completed,21
500,"2024-01-09 10:55:09",36,437,14.10,completed,58
501,"2024-01-25 19:10:28",22,998,43.34,completed,39
502,"2024-07-26 00:06:18",11,332,11.89,completed,148
503,"2024-02-07 09:40:56",15,142,51.94,completed,31
504,"2024-10-27 02:20:53",1,587,55.09,completed,58
505,"2024-09-25 03:35:45",38,539,32.39,completed,15
506,"2024-10-02 00:52:14",36,297,27.60,completed,52
507,"2024-05-04 22:53:21",10,878,52.26,completed,32
508,"2024-09-01 20:15:00",9,808,37.36,completed,143
509,"2024-09-09 19:54:51",19,799,53.44,completed,52
510,"2024-10-03 05:59:36",15,143,53.34,completed,172
511,"2024-11-28 23:11:36",37,925,31.39,completed,42
512,"2024-06-16 03:58:57",22,803,45.33,completed,23
513,"2024-05-21 10:01:14",19,728,35.31,completed,17
514,"2024-08-19 17:30:53",50,61,26.30,completed,58
515,"2024-01-05 12:33:39",10,876,51.63,completed,28
516,"2024-12-21 14:10:28",48,851,29.49,completed,55
517,"2024-01-22 17:30:46",30,741,57.55,completed,37
518,"2024-01-01 23:10:52",27,663,45.56,completed,53
519,"2024-02-13 17:22:29",3,855,17.30,completed,36
520,"2024-03-08 23:48:20",26,970,26.59,completed,39
521,"2024-06-06 10:51:27",27,350,18.20,completed,37
522,"2024-05-27 12:44:20",27,404,32.52,completed,77
523,"2024-02-27 22:28:22",18,320,36.07,completed,35
524,"2024-03-16 18:44:43",35,818,11.21,completed,31
525,"2024-12-18 19:54:57",38,894,19.69,completed,111
526,"2024-07-27 09:36:52",29,104,51.37,completed,51
527,"2024-01-23 18:25:12",45,243,37.84,completed,54
528,"2024-07-26 09:41:54",10,295,53.79,completed,48
529,"2024-03-05 09:52:23",33,730,44.69,completed,49
530,"2024-11-03 22:13:17",47,129,52.44,completed,21
531,"2024-07-05 21:17:51",6,9,45.83,completed,39
532,"2024-10-01 10:30:14",8,489,59.98,completed,45
533,"2024-06-19 19:57:35",14,972,11.74,completed,22
534,"2024-04-21 07:02:10",50,63,26.37,completed,59
535,"2024-02-14 04:03:01",33,882,33.19,completed,164
536,"2024-05-28 01:21:01",22,889,19.11,completed,44
537,"2024-03-28 06:23:12",12,425,32.04,completed,52
538,"2024-03-01 03:16:52",18,210,11.29,completed,43
539,"2024-11-25 23:35:17",31,307,46.12,completed,33
540,"2024-03-01 08:03:22",30,440,31.84,completed,37
541,"2024-06-25 01:43:16",44,953,16.18,completed,55
542,"2024-02-27 05:19:01",6,45,55.77,completed,16
543,"2024-09-20 12:28:01",27,456,45.40,completed,22
544,"2024-08-16 05:54:27",32,235,25.35,completed,46
545,"2024-10-19 05:02:03",45,33,35.10,completed,40
546,"2024-02-26 07:24:18",4,860,15.18,completed,21
547,"2024-07-18 23:42:01",15,851,27.81,completed,47
548,"2024-05-20 08:42:23",37,537,33.46,completed,23
549,"2024-01-26 19:49:17",41,820,44.07,completed,42
550,"2024-01-11 12:29:25",14,297,42.75,completed,137
551,"2024-05-02 07:03:02",38,714,27.00,completed,23
552,"2024-08-09 10:50:27",24,563,29.34,completed,41
553,"2024-09-17 07:05:19",42,968,28.72,cancelled,47
554,"2024-05-27 22:06:17",44,159,18.47,completed,43
555,"2024-02-20 18:01:42",39,469,10.59,completed,24
556,"2024-05-10 17:11:52",8,673,55.90,completed,50
557,"2024-08-24 10:10:05",44,386,26.65,completed,23
558,"2024-04-09 08:15:32",42,290,59.37,completed,45
559,"2024-03-21 20:41:32",5,826,51.71,completed,153
560,"2024-12-20 01:52:26",26,662,48.41,completed,93
561,"2024-07-03 14:29:32",34,868,25.49,completed,22
562,"2024-05-22 07:54:37",24,203,39.46,completed,136
563,"2024-05-18 22:37:00",50,840,20.45,completed,35
564,"2024-04-14 07:21:42",2,334,37.84,completed,53
565,"2024-07-20 11:57:13",10,311,58.69,completed,15
566,"2024-10-16 00:11:31",46,133,58.01,completed,35
567,"2024-11-26 05:45:59",7,968,31.49,completed,177
568,"2024-01-29 04:40:32",22,951,32.17,completed,33
569,"2024-07-15 21:27:07",24,719,19.55,completed,48
570,"2024-05-27 00:52:57",40,791,37.63,completed,31
571,"2024-11-16 08:12:41",16,887,36.16,cancelled,23
572,"2024-04-10 21:58:48",42,349,21.90,completed,41
573,"2024-12-22 14:18:39",5,490,19.80,completed,99
574,"2024-09-23 16:07:59",33,104,37.17,completed,49
575,"2024-09-08 16:48:49",6,495,16.77,completed,25
576,"2024-06-28 19:33:23",38,270,15.06,completed,51
577,"2024-07-22 13:09:42",17,936,45.75,completed,22
578,"2024-09-29 06:04:52",12,912,53.53,completed,39
579,"2024-03-27 04:45:27",29,174,16.90,completed,45
580,"2024-02-12 14:54:15",26,243,42.89,completed,37
581,"2024-12-25 04:58:28",21,148,34.02,cancelled,54
582,"2024-05-05 13:40:39",4,362,38.66,completed,41
583,"2024-06-06 20:57:07",18,500,31.06,completed,16
584,"2024-11-14 19:34:24",13,633,30.73,completed,42
585,"2024-02-23 12:44:04",46,144,58.43,completed,40
586,"2024-04-26 16:57:00",46,620,27.53,completed,34
587,"2024-11-26 22:18:14",12,391,24.48,completed,46
588,"2024-01-07 16:19:49",49,773,58.29,completed,50
589,"2024-12-15 15:31:38",21,192,46.09,completed,168
590,"2024-07-02 09:42:51",41,532,21.68,completed,21
591,"2024-03-28 03:28:29",37,937,34.59,completed,56
592,"2024-04-15 01:45:06",34,483,30.40,completed,54
593,"2024-03-26 08:02:22",26,839,43.53,completed,30
594,"2024-03-30 21:37:45",9,109,11.85,completed,29
595,"2024-02-08 06:25:34",27,347,16.97,completed,101
596,"2024-02-20 02:27:59",33,827,19.59,completed,44
597,"2024-11-13 10:03:47",18,119,37.90,completed,23
598,"2024-06-06 01:42:42",30,682,41.39,completed,43
599,"2024-05-19 13:59:57",2,24,10.80,completed,59
600,"2024-11-26 02:10:06",29,143,10.11,completed,153
601,"2024-03-07 11:45:11",29,297,48.83,cancelled,25
602,"2024-03-17 22:47:49",19,211,57.31,completed,16
603,"2024-02-26 09:34:27",34,918,37.93,completed,39
604,"2024-02-06 06:17:53",44,74,47.40,completed,23
605,"2024-11-10 01:22:17",38,209,48.55,completed,35
606,"2024-11-03 09:49:24",41,511,16.54,completed,48
607,"2024-01-17 07:54:51",50,834,19.45,completed,57
608,"2024-09-24 20:44:51",43,37,42.04,completed,35
609,"2024-09-06 11:07:39",1,19,12.74,completed,174
610,"2024-01-04 07:54:34",9,866,49.75,completed,32
611,"2024-05-29 14:19:15",45,240,35.84,completed,28
612,"2024-03-05 04:32:59",49,302,40.49,completed,67
613,"2024-08-14 07:36:02",46,660,39.44,cancelled,32
614,"2024-10-19 16:02:58",41,696,11.03,completed,15
615,"2024-01-19 00:12:14",10,810,33.76,completed,47
616,"2024-08-21 13:43:26",3,339,36.99,completed,56
617,"2024-04-02 03:26:37",24,623,44.22,completed,58
618,"2024-08-22 10:24:10",16,649,24.96,completed,133
619,"2024-07-04 15:05:33",35,972,48.14,completed,29
620,"2024-12-14 03:17:48",42,297,59.50,completed,36
621,"2024-05-08 09:44:24",18,702,32.71,completed,53
622,"2024-11-28 19:47:51",48,45,27.92,completed,18
623,"2024-09-20 10:55:39",20,828,57.24,completed,20
624,"2024-06-21 06:35:20",1,648,19.96,completed,24
625,"2024-01-18 12:18:02",30,813,24.48,completed,55
626,"2024-11-29 04:23:27",44,661,43.14,completed,32
627,"2024-12-14 20:02:40",29,22,28.77,completed,90
628,"2024-06-10 19:15:57",23,964,32.22,completed,42
629,"2024-02-04 13:12:42",32,895,38.39,completed,55
630,"2024-03-27 08:34:49",26,841,43.73,completed,41
631,"2024-04-17 23:24:51",35,536,41.26,completed,17
632,"2024-02-02 19:53:28",15,195,14.82,completed,29
633,"2024-12-16 17:11:40",44,426,37.28,completed,48
634,"2024-10-30 20:48:19",48,238,27.51,completed,40
635,"2024-05-21 17:20:20",14,158,59.79,completed,23
636,"2024-05-12 18:15:00",11,4,28.01,completed,62
637,"2024-06-18 05:40:51",13,880,41.85,completed,36
638,"2024-11-20 07:09:30",2,465,22.30,completed,46
639,"2024-03-17 16:09:00",47,985,17.73,completed,47
640,"2024-09-13 21:05:35",18,626,14.35,completed,59
641,"2024-04-22 02:59:32",30,41,31.30,completed,51
642,"2024-09-30 07:55:53",16,304,39.48,completed,58
643,"2024-08-08 04:22:27",6,699,19.38,completed,48
644,"2024-10-07 19:57:42",31,701,44.96,completed,82
645,"2024-04-19 23:32:11",48,848,29.50,completed,70
646,"2024-11-02 18:44:32",48,208,20.15,completed,40
647,"2024-10-25 15:55:56",19,383,50.50,completed,48
648,"2024-05-29 11:58:32",42,960,24.41,completed,62
649,"2024-04-14 21:01:05",19,973,48.14,completed,28
650,"2024-11-12 03:21:56",23,673,10.02,cancelled,139
651,"2024-07-22 22:34:38",40,281,11.49,completed,29
652,"2024-04-05 17:34:57",18,926,40.14,completed,22
653,"2024-09-05 10:21:17",46,550,59.73,completed,24
654,"2024-03-02 14:29:00",10,449,43.60,completed,25
655,"2024-12-17 06:00:45",7,789,37.05,completed,29
656,"2024-05-16 20:02:21",47,518,50.13,completed,72
657,"2024-10-28 18:54:01",41,617,41.30,completed,50
658,"2024-05-13 03:12:17",23,177,36.12,completed,58
659,"2024-04-19 22:07:39",31,125,50.47,completed,137
660,"2024-06-03 20:11:24",10,656,46.00,completed,22
661,"2024-10-31 01:35:35",32,663,30.88,completed,57
662,"2024-12-13 17:52:38",48,854,32.07,completed,133
663,"2024-05-03 22:51:40",43,235,41.18,completed,48
664,"2024-02-14 11:08:34",19,529,35.48,cancelled,37
665,"2024-08-28 23:48:06",41,43,50.10,completed,31
666,"2024-10-20 23:07:46",47,275,37.88,cancelled,55
667,"2024-12-29 15:10:43",15,484,36.80,completed,15
668,"2024-05-23 03:26:10",48,596,15.77,completed,45
669,"2024-07-17 08:16:53",35,822,11.87,completed,30
670,"2024-03-21 21:06:24",4,666,16.57,completed,127
671,"2024-01-26 12:57:08",34,141,44.59,completed,36
672,"2024-01-11 16:45:35",36,472,21.22,completed,82
673,"2024-05-10 13:20:56",11,22,32.58,completed,37
674,"2024-08-21 01:44:18",35,573,48.45,completed,28
675,"2024-07-13 06:13:20",37,39,10.56,completed,39
676,"2024-09-24 16:01:07",1,838,18.24,completed,33
677,"2024-10-29 10:59:45",46,107,48.86,completed,52
678,"2024-08-12 10:28:04",30,115,49.85,completed,23
679,"2024-06-20 05:51:08",39,488,15.09,completed,120
680,"2024-09-26 06:16:37",9,637,43.80,completed,23
681,"2024-12-25 00:11:09",18,797,56.89,completed,37
682,"2024-06-08 13:20:35",35,189,52.28,completed,54
683,"2024-01-24 16:30:26",35,265,22.40,completed,19
684,"2024-01-30 18:03:21",4,121,29.21,completed,40
685,"2024-11-06 06:52:51",29,306,50.67,completed,21
686,"2024-10-15 02:06:01",25,85,57.73,completed,18
687,"2024-03-16 15:01:26",41,384,35.89,completed,53
688,"2024-05-08 08:28:46",11,975,22.92,completed,23
689,"2024-10-23 05:28:36",23,865,57.28,completed,49
690,"2024-04-20 05:48:54",12,232,33.86,completed,17
691,"2024-02-27 21:28:40",33,783,57.85,completed,28
692,"2024-07-12 19:08:48",38,161,37.72,completed,16
693,"2024-11-01 03:29:38",4,846,10.75,completed,44
694,"2024-04-07 06:10:00",20,172,43.90,completed,17
695,"2024-04-25 16:38:42",20,966,43.89,completed,46
696,"2024-02-24 09:15:23",34,907,36.13,completed,156
697,"2024-05-07 12:12:59",16,544,48.10,completed,39
698,"2024-12-01 08:22:55",47,861,36.81,completed,74
699,"2024-12-08 05:17:51",17,857,24.15,completed,31
700,"2024-08-24 10:39:36",9,883,55.98,completed,71
701,"2024-07-08 05:25:29",15,931,48.17,completed,19
702,"2024-01-02 11:42:24",36,541,38.69,completed,51
703,"2024-07-23 10:55:42",17,20,14.00,completed,28
704,"2024-02-02 11:11:20",28,501,52.23,completed,23
705,"2024-09-30 23:30:09",9,605,35.52,completed,41
706,"2024-06-07 15:04:50",22,807,48.38,completed,46
707,"2024-02-22 16:21:11",31,595,17.96,completed,54
708,"2024-08-05 21:14:49",19,101,28.41,completed,31
709,"2024-01-07 21:00:06",1,973,52.44,completed,33
710,"2024-11-07 14:28:56",1,497,32.48,completed,57
711,"2024-05-13 22:08:08",1,970,50.31,completed,42
712,"2024-06-29 06:39:30",31,592,15.66,completed,48
713,"2024-11-11 07:53:17",4,769,41.43,completed,59
714,"2024-01-21 17:02:49",16,355,52.90,completed,21
715,"2024-12-24 14:53:37",26,581,29.33,completed,34
716,"2024-09-26 09:25:16",21,798,49.17,completed,49
717,"2024-01-24 07:22:19",50,774,54.49,completed,117
718,"2024-06-27 14:03:36",50,518,39.90,completed,44
719,"2024-02-06 14:40:52",27,345,16.85,completed,27
720,"2024-11-14 17:18:44",26,945,19.27,completed,93
721,"2024-09-01 14:25:40",26,503,10.34,completed,36
722,"2024-07-13 04:32:27",12,601,24.24,completed,34
723,"2024-05-31 08:40:29",38,505,23.74,completed,51
724,"2024-08-08 16:04:08",30,171,13.12,completed,46
725,"2024-01-13 08:49:29",4,240,59.66,completed,40
726,"2024-01-24 14:45:12",31,842,29.50,completed,117
727,"2024-07-13 22:01:44",12,583,20.15,completed,52
728,"2024-01-11 05:06:36",31,952,57.00,completed,36
729,"2024-03-02 08:03:20",21,563,38.67,completed,31
730,"2024-04-12 06:21:18",16,677,33.66,completed,29
731,"2024-10-19 04:11:28",2,796,53.04,completed,27
732,"2024-05-18 06:56:13",3,122,32.77,completed,25
733,"2024-07-28 12:54:32",9,151,21.56,completed,15
734,"2024-08-14 13:23:12",2,339,38.80,completed,30
735,"2024-12-09 21:45:54",35,616,10.60,completed,39
736,"2024-08-21 14:30:14",28,789,25.98,completed,29
737,"2024-12-21 00:54:32",46,642,33.57,completed,36
738,"2024-02-09 11:00:36",6,240,53.01,completed,56
739,"2024-08-04 07:15:39",11,243,40.06,completed,20
740,"2024-11-03 11:55:22",42,660,49.26,completed,19
741,"2024-04-23 23:19:56",14,421,24.49,completed,49
742,"2024-08-30 23:56:16",1,30,16.56,completed,39
743,"2024-05-14 23:58:04",11,961,18.04,completed,55
744,"2024-02-01 01:28:32",37,401,50.59,completed,45
745,"2024-10-31 18:18:12",8,202,39.23,completed,25
746,"2024-09-12 11:37:11",39,722,25.90,completed,40
747,"2024-04-22 02:02:07",43,317,12.13,completed,21
748,"2024-02-14 22:21:38",11,662,44.50,completed,55
749,"2024-09-25 11:53:01",49,617,19.57,completed,116
750,"2024-06-26 12:22:39",1,599,57.98,completed,45
751,"2024-12-07 03:42:04",34,524,41.15,completed,134
752,"2024-07-25 22:38:54",48,95,39.82,completed,34
753,"2024-01-11 23:04:30",43,208,33.01,completed,16
754,"2024-02-09 21:31:36",23,941,27.26,completed,45
755,"2024-01-02 13:16:21",48,749,54.31,completed,51
756,"2024-03-09 17:17:43",27,115,58.32,completed,26
757,"2024-08-16 11:13:52",19,986,50.66,completed,22
758,"2024-08-01 20:56:16",20,215,54.44,completed,29
759,"2024-07-18 14:21:20",40,272,10.69,completed,31
760,"2024-03-02 11:13:28",37,150,37.74,completed,163
761,"2024-05-27 03:49:40",22,930,28.26,completed,31
762,"2024-07-02 02:41:19",22,668,11.82,completed,32
763,"2024-08-07 06:58:37",42,327,17.92,completed,36
764,"2024-08-22 23:06:38",39,971,35.66,completed,46
765,"2024-04-12 06:35:12",16,724,44.03,completed,55
766,"2024-03-08 19:43:57",10,419,35.45,completed,148
767,"2024-11-29 15:25:02",19,64,21.72,cancelled,19
768,"2024-11-17 09:10:08",5,823,51.72,completed,15
769,"2024-12-19 18:37:52",41,172,30.63,completed,53
770,"2024-10-14 09:21:58",19,444,16.69,completed,36
771,"2024-06-19 04:14:32",46,156,12.32,completed,21
772,"2024-09-14 00:30:36",3,147,38.90,completed,26
773,"2024-09-13 20:44:30",38,662,12.35,completed,50
774,"2024-08-08 13:38:26",34,505,36.66,completed,31
775,"2024-04-25 01:02:48",25,497,11.01,completed,75
776,"2024-09-02 20:42:26",49,850,26.45,completed,21
777,"2024-04-21 11:37:38",4,398,49.98,completed,48
778,"2024-11-10 11:59:11",3,643,13.82,completed,54
779,"2024-03-19 13:38:02",23,646,52.68,completed,37
780,"2024-03-10 02:57:10",23,695,15.90,completed,31
781,"2024-04-08 23:17:25",14,556,57.93,completed,32
782,"2024-09-10 15:58:18",15,404,16.27,completed,27
783,"2024-04-25 20:58:39",36,646,13.62,completed,88
784,"2024-06-27 01:59:04",36,135,35.82,completed,22
785,"2024-10-26 03:49:33",30,493,44.58,cancelled,25
786,"2024-08-12 00:32:17",20,143,36.14,completed,27
787,"2024-04-13 16:10:37",30,70,39.72,completed,56
788,"2024-06-09 17:05:23",23,975,34.84,completed,54
789,"2024-06-15 00:59:48",32,820,19.40,completed,50
790,"2024-05-19 13:30:08",28,634,35.09,completed,52
791,"2024-08-09 17:58:01",26,731,16.21,completed,39
792,"2024-06-14 18:51:25",31,711,45.59,completed,144
793,"2024-07-11 15:28:31",27,43,41.94,completed,54
794,"2024-02-16 02:42:06",1,654,22.41,completed,36
795,"2024-05-17 13:24:19",23,170,33.56,completed,39
796,"2024-04-11 08:02:38",38,908,24.68,completed,62
797,"2024-07-18 00:22:45",34,675,29.46,completed,35
798,"2024-11-25 10:44:04",9,151,21.96,completed,50
799,"2024-12-19 02:28:42",23,307,20.45,completed,134
800,"2024-02-11 13:43:48",35,150,42.75,completed,31
801,"2024-04-11 21:30:07",17,784,57.30,completed,22
802,"2024-08-15 20:53:13",32,306,41.21,completed,19
803,"2024-02-05 01:33:24",9,523,16.46,completed,49
804,"2024-11-07 16:10:11",48,200,17.02,completed,24
805,"2024-09-19 18:33:53",49,722,44.10,completed,21
806,"2024-03-14 22:33:04",29,250,36.78,completed,32
807,"2024-11-14 20:03:03",9,252,46.83,completed,31
808,"2024-07-18 06:29:16",32,484,37.33,completed,15
809,"2024-09-23 03:56:25",31,900,42.36,completed,20
810,"2024-05-06 22:16:39",20,877,21.66,completed,95
811,"2024-07-16 06:27:17",41,423,44.39,completed,35
812,"2024-11-15 15:54:16",2,487,28.36,completed,49
813,"2024-06-19 11:52:03",3,861,17.38,completed,25
814,"2024-02-07 16:11:06",43,898,58.24,completed,34
815,"2024-11-06 14:51:11",49,268,32.29,completed,47
816,"2024-03-03 17:44:40",36,57,17.02,completed,42
817,"2024-04-27 16:53:50",40,939,27.45,completed,25
818,"2024-05-16 05:14:35",8,620,42.85,completed,37
819,"2024-01-25 10:16:45",41,844,49.56,completed,38
820,"2024-04-22 22:30:24",50,27,18.06,completed,40
821,"2024-05-14 12:16:53",8,650,49.87,completed,54
822,"2024-12-11 17:46:44",7,817,44.48,cancelled,134
823,"2024-05-08 07:19:32",44,345,14.28,completed,31
824,"2024-09-29 10:18:09",30,762,10.54,completed,47
825,"2024-03-26 17:02:38",49,183,59.09,completed,87
826,"2024-07-20 09:51:02",4,705,25.47,completed,54
827,"2024-08-29 21:30:56",35,469,23.53,completed,152
828,"2024-02-06 21:08:53",9,597,32.21,completed,52
829,"2024-09-07 18:55:14",47,609,22.03,completed,47
830,"2024-02-10 01:55:55",19,518,34.12,completed,44
831,"2024-09-28 21:55:44",38,518,26.84,completed,53
832,"2024-04-15 17:40:22",46,652,37.31,completed,55
833,"2024-10-06 03:22:59",6,297,16.49,completed,48
834,"2024-07-20 16:43:45",25,826,41.95,completed,25
835,"2024-02-09 15:16:28",43,955,20.37,completed,45
836,"2024-09-01 11:21:23",16,561,53.15,completed,59
837,"2024-03-04 13:48:26",47,110,48.57,completed,16
838,"2024-03-09 19:28:04",43,661,48.53,completed,40
839,"2024-10-09 16:20:13",7,363,30.02,completed,21
840,"2024-08-07 17:39:10",29,9,27.68,completed,17
841,"2024-04-28 23:04:59",23,251,55.86,completed,42
842,"2024-10-10 07:25:27",3,927,33.97,completed,33
843,"2024-02-20 01:06:33",21,690,19.54,completed,41
844,"2024-05-27 10:32:24",13,22,28.46,completed,44
845,"2024-11-09 08:00:31",17,103,35.41,completed,37
846,"2024-07-29 04:30:17",19,170,45.54,completed,30
847,"2024-05-27 11:30:36",1,808,11.27,completed,21
848,"2024-05-07 15:27:33",17,565,52.80,completed,17
849,"2024-03-24 04:12:39",48,30,25.99,completed,35
850,"2024-06-15 03:04:57",47,263,36.94,completed,160
851,"2024-06-19 06:49:42",41,646,50.00,completed,110
852,"2024-05-03 22:47:04",22,128,27.54,completed,56
853,"2024-03-09 00:23:09",9,256,49.53,completed,26
854,"2024-07-18 23:22:24",50,342,45.88,completed,43
855,"2024-03-20 02:05:19",8,96,11.65,completed,51
856,"2024-03-22 07:37:28",33,602,12.29,completed,141
857,"2024-06-03 00:20:31",4,79,19.38,completed,136
858,"2024-05-10 07:51:52",43,220,36.20,cancelled,28
859,"2024-10-28 05:34:07",10,513,58.51,completed,30
860,"2024-10-18 20:49:40",47,241,31.00,completed,16
861,"2024-04-04 17:54:08",10,213,33.41,completed,36
862,"2024-01-11 14:51:36",36,474,21.57,completed,149
863,"2024-10-06 23:36:24",30,629,29.41,completed,31
864,"2024-07-05 11:00:07",23,740,26.86,completed,24
865,"2024-01-31 19:01:33",40,688,13.70,completed,45
866,"2024-05-24 07:12:39",49,624,21.62,completed,57
867,"2024-06-02 03:16:22",14,81,40.12,completed,54
868,"2024-04-21 11:13:57",44,442,39.71,completed,29
869,"2024-03-24 01:31:28",10,245,43.47,completed,34
870,"2024-01-03 00:12:21",37,600,51.51,completed,27
871,"2024-08-15 05:51:05",13,400,21.93,cancelled,28
872,"2024-09-24 13:49:49",38,601,46.11,completed,60
873,"2024-05-15 18:11:38",42,59,49.39,completed,59
874,"2024-08-16 02:09:16",7,729,24.08,completed,45
875,"2024-08-14 04:35:08",2,316,33.75,completed,28
876,"2024-05-07 16:09:05",43,175,27.06,completed,166
877,"2024-10-05 18:18:45",9,520,15.61,completed,31
878,"2024-11-02 12:39:20",4,853,12.16,completed,51
879,"2024-07-15 20:13:27",15,844,27.01,completed,45
880,"2024-11-13 02:26:15",16,944,49.54,completed,52
881,"2024-06-05 08:42:03",33,970,54.81,completed,22
882,"2024-04-05 22:59:18",42,402,34.69,completed,34
883,"2024-08-10 09:37:17",38,956,35.54,completed,113
884,"2024-07-08 11:09:21",13,738,55.62,completed,15
885,"2024-01-05 13:00:33",2,113,33.82,completed,50
886,"2024-08-12 00:30:29",35,587,53.84,completed,41
887,"2024-06-21 18:37:08",30,542,56.59,completed,50
888,"2024-10-28 12:33:04",38,263,13.42,completed,23
889,"2024-03-23 01:48:27",28,121,56.42,completed,25
890,"2024-04-23 14:52:40",44,371,23.65,completed,35
891,"2024-12-27 02:35:09",28,780,22.50,completed,28
892,"2024-02-08 08:11:26",31,706,45.92,completed,44
893,"2024-08-16 20:14:20",9,958,24.24,completed,165
894,"2024-09-08 15:47:48",40,911,18.38,completed,51
895,"2024-12-25 17:08:07",25,475,55.71,completed,125
896,"2024-09-28 12:43:27",4,132,31.98,completed,19
897,"2024-06-03 22:36:00",40,711,18.12,completed,126
898,"2024-01-09 18:43:32",23,158,32.54,completed,34
899,"2024-07-08 20:48:18",15,857,31.65,completed,42
900,"2024-01-21 18:56:23",21,930,29.37,completed,36
901,"2024-08-15 03:26:52",35,546,43.99,completed,42
902,"2024-09-16 18:43:23",37,481,21.84,completed,149
903,"2024-10-03 09:05:17",27,424,35.00,completed,40
904,"2024-11-29 08:56:38",42,458,48.43,completed,53
905,"2024-01-29 10:53:15",43,994,31.53,completed,31
906,"2024-02-19 00:59:55",28,321,58.49,completed,58
907,"2024-04-15 23:03:58",27,754,19.75,completed,154
908,"2024-12-22 14:08:03",27,673,50.04,cancelled,46
909,"2024-12-12 15:39:28",31,217,22.31,completed,18
910,"2024-11-28 03:33:40",16,793,12.47,completed,33
911,"2024-06-04 16:44:05",46,255,37.60,cancelled,45
912,"2024-05-03 16:11:26",35,434,14.96,completed,51
913,"2024-01-14 09:06:41",37,555,38.86,completed,24
914,"2024-12-08 23:34:27",3,458,16.13,completed,35
915,"2024-10-14 05:18:54",28,408,28.91,completed,16
916,"2024-07-06 22:02:22",25,910,13.80,completed,24
917,"2024-12-05 02:31:44",2,345,42.30,completed,42
918,"2024-12-18 20:21:40",49,981,58.87,completed,19
919,"2024-03-05 19:03:52",28,264,42.04,completed,37
920,"2024-01-09 09:34:02",32,99,39.74,completed,59
921,"2024-02-12 14:06:16",32,767,58.32,completed,23
922,"2024-08-25 02:14:41",35,530,38.02,completed,29
923,"2024-06-06 15:07:43",10,648,43.61,completed,21
924,"2024-06-30 12:03:03",2,698,28.87,completed,50
925,"2024-06-04 16:40:24",39,593,42.12,completed,55
926,"2024-10-14 11:12:10",12,783,21.38,completed,58
927,"2024-01-20 01:55:03",18,560,48.58,completed,30
928,"2024-12-15 19:21:56",40,29,50.00,completed,21
929,"2024-03-03 20:09:35",22,658,59.19,completed,18
930,"2024-01-17 03:53:01",49,768,54.90,completed,44
931,"2024-07-29 14:10:41",45,739,10.70,completed,40
932,"2024-02-22 19:21:53",2,710,33.07,completed,16
933,"2024-08-20 13:41:19",4,452,12.15,completed,27
934,"2024-10-30 03:42:25",18,240,17.97,completed,101
935,"2024-12-29 23:42:55",47,674,38.46,completed,43
936,"2024-12-06 06:11:11",37,880,19.63,completed,27
937,"2024-03-15 07:07:00",11,407,31.16,completed,32
938,"2024-04-20 22:38:35",18,810,10.88,completed,24
939,"2024-05-17 15:59:02",12,2,26.41,completed,19
940,"2024-11-10 21:49:13",2,568,47.39,completed,126
941,"2024-12-28 19:10:01",15,473,34.60,completed,39
942,"2024-07-07 03:25:50",48,173,11.59,completed,44
943,"2024-11-21 08:54:48",26,889,55.42,completed,43
944,"2024-03-16 09:50:29",7,44,50.96,cancelled,59
945,"2024-10-19 10:11:11",3,807,55.46,completed,76
946,"2024-12-21 12:59:30",23,364,32.36,completed,37
947,"2024-05-01 17:30:36",9,835,43.60,completed,50
948,"2024-02-10 13:50:51",10,652,43.35,completed,105
949,"2024-03-05 21:02:12",38,223,52.98,completed,59
950,"2024-03-25 22:18:11",10,209,34.95,completed,139
951,"2024-09-29 12:22:04",38,478,17.90,completed,37
952,"2024-07-27 16:04:41",18,7,10.03,cancelled,136
953,"2024-06-08 03:52:47",14,7,22.25,completed,53
954,"2024-05-10 22:24:08",13,164,13.78,completed,32
955,"2024-04-18 17:10:49",17,758,50.02,completed,15
956,"2024-05-17 16:35:43",42,981,31.83,completed,151
957,"2024-02-12 04:16:40",15,106,42.80,cancelled,105
958,"2024-04-28 14:25:13",25,470,54.20,completed,58
959,"2024-08-28 07:06:15",19,885,25.49,completed,16
960,"2024-07-19 10:50:49",32,521,45.22,cancelled,39
961,"2024-09-18 12:28:31",46,412,26.15,completed,123
962,"2024-10-29 22:33:57",29,351,12.49,completed,42
963,"2024-07-06 11:21:24",38,181,43.61,completed,57
964,"2024-06-12 12:23:35",22,786,42.51,completed,57
965,"2024-02-18 18:04:55",42,792,32.12,completed,157
966,"2024-06-18 18:23:11",45,30,34.73,completed,16
967,"2024-11-03 18:10:10",7,75,10.59,completed,24
968,"2024-08-14 00:19:43",24,457,54.86,completed,69
969,"2024-09-24 02:59:41",22,928,28.25,completed,35
970,"2024-12-19 09:43:41",23,313,21.63,completed,36
971,"2024-02-19 00:48:30",11,639,38.43,completed,167
972,"2024-08-28 07:28:05",31,72,36.65,completed,55
973,"2024-07-06 20:48:50",45,931,58.45,completed,44
974,"2024-03-08 13:52:20",48,230,23.83,completed,21
975,"2024-10-17 02:58:59",27,267,47.28,completed,24
976,"2024-10-30 22:21:39",28,232,36.07,completed,90
977,"2024-04-16 11:02:14",35,533,40.89,completed,40
978,"2024-01-17 16:33:45",25,355,23.90,completed,16
979,"2024-09-25 15:45:51",30,751,58.85,completed,28
980,"2024-10-18 16:50:37",4,993,46.54,completed,56
981,"2024-01-09 17:29:31",19,732,38.81,completed,36
982,"2024-03-27 19:13:01",39,144,30.17,completed,54
983,"2024-03-02 07:44:13",12,640,35.62,completed,36
984,"2024-05-22 07:22:26",24,232,46.00,completed,19
985,"2024-05-20 08:58:43",32,39,24.01,completed,17
986,"2024-07-11 05:11:41",24,756,28.91,completed,67
987,"2024-05-04 23:46:16",27,610,33.40,completed,24
988,"2024-08-28 06:06:53",32,130,49.38,completed,26
989,"2024-03-06 15:26:28",5,958,34.44,completed,27
990,"2024-03-04 05:48:20",3,689,25.88,completed,48
991,"2024-10-03 05:14:10",27,387,26.94,completed,46
992,"2024-07-09 05:15:14",25,931,17.83,cancelled,36
993,"2024-12-17 06:46:53",18,830,15.93,completed,38
994,"2024-02-19 11:56:04",5,43,57.21,completed,55
995,"2024-01-22 02:47:41",31,873,36.74,completed,25
996,"2024-03-03 04:59:08",6,72,10.43,completed,19
997,"2024-03-09 14:03:47",31,481,38.85,completed,20
998,"2024-02-14 07:06:21",13,877,41.98,completed,170
999,"2024-10-26 23:16:34",18,272,25.79,completed,71
1000,"2024-11-10 01:18:22",50,420,14.90,completed,135
